Municipality,Canton,TLS,correct redirect,people
Aadorf,TG,True,True,8838
Affeltrangen,TG,True,True,2513
Altnau,TG,False,False,2161
Amlikon-Bissegg,TG,False,False,1301
Amriswil,TG,True,True,13293
Arbon,TG,True,True,14256
Basadingen-Schlattingen,TG,False,False,1811
Berg (TG),TG,False,False,3301
Berlingen,TG,False,False,887
Bettwiesen,TG,False,False,1172
Bichelsee-Balterswil,TG,False,False,2820
Birwinken,TG,True,True,1337
Bischofszell,TG,False,False,5923
Bottighofen,TG,False,False,2180
Braunau,TG,True,True,765
Bürglen (TG),TG,False,False,3741
Bussnang,TG,True,True,2261
Diessenhofen,TG,True,True,3745
Dozwil,TG,True,True,727
Egnach,TG,False,False,4681
Erlen,TG,False,False,3636
Ermatingen,TG,True,True,3202
Eschenz,TG,False,False,1721
Eschlikon,TG,True,True,4296
Felben-Wellhausen,TG,False,False,2743
Fischingen,TG,True,True,2680
Frauenfeld,TG,True,True,25058
Gachnang,TG,False,False,4211
Gottlieben,TG,False,False,323
Güttingen,TG,False,False,1560
Hauptwil-Gottshaus,TG,True,True,1917
Hefenhofen,TG,True,False,1243
Herdern,TG,False,False,1023
Hohentannen,TG,False,False,597
Homburg,TG,False,False,1537
Horn,TG,False,False,2600
Hüttlingen,TG,False,False,837
Hüttwilen,TG,False,False,1701
Kemmental,TG,False,False,2453
Kesswil,TG,True,True,992
Kradolf-Schönenberg,TG,False,False,3529
Kreuzlingen,TG,False,False,21537
Langrickenbach,TG,False,False,1279
Lengwil,TG,False,False,1682
Lommis,TG,False,False,1215
Mammern,TG,False,False,650
Märstetten,TG,False,False,2784
Matzingen,TG,True,True,2675
Müllheim,TG,True,True,2930
Münchwilen (TG),TG,True,True,5353
Münsterlingen,TG,False,False,3328
Neunforn,TG,True,True,986
Pfyn,TG,False,False,1943
Raperswilen,TG,False,False,391
Rickenbach (TG),TG,False,False,2768
Roggwil (TG),TG,True,True,3050
Romanshorn,TG,False,False,10770
Salenstein,TG,False,False,1285
Salmsach,TG,False,False,1451
Schlatt (TG),TG,False,False,1657
Schönholzerswilen,TG,False,False,839
Sirnach,TG,True,True,7697
Sommeri,TG,False,False,549
Steckborn,TG,True,True,3740
Stettfurt,TG,False,False,1201
Sulgen,TG,False,False,3703
Tägerwilen,TG,False,False,4510
Thundorf,TG,False,False,1459
Tobel-Tägerschen,TG,False,False,1594
Uesslingen-Buch,TG,False,False,1075
Uttwil,TG,False,False,1855
Wagenhausen,TG,False,False,1654
Wäldi,TG,False,False,1050
Wängi,TG,True,True,4614
Warth-Weiningen,TG,False,False,1252
Weinfelden,TG,True,True,11241
Wigoltingen,TG,False,False,2410
Wilen (TG),TG,False,False,2482
Wuppenau,TG,False,False,1133
Zihlschlacht-Sitterdorf,TG,False,False,2267
Aarau,AG,False,False,21191
Aarburg,AG,False,False,8044
Abtwil,AG,False,False,973
Ammerswil,AG,True,True,673
Aristau,AG,False,False,1433
Arni (AG),AG,False,False,1871
Attelwil,AG,True,True,295
Auenstein,AG,False,False,1574
Auw,AG,False,False,2111
Bad Zurzach,AG,False,False,4240
Baden,AG,True,True,19168
Baldingen,AG,False,False,261
Beinwil (Freiamt),AG,False,False,1145
Beinwil am See,AG,True,True,3148
Bellikon,AG,True,True,1550
Bergdietikon,AG,True,True,2830
Berikon,AG,True,True,4715
Besenbüren,AG,False,False,621
Bettwil,AG,False,False,610
Biberstein,AG,False,False,1584
Birmenstorf (AG),AG,True,True,2969
Birr,AG,False,False,4444
Birrhard,AG,False,False,705
Birrwil,AG,False,False,1178
Böbikon,AG,False,False,174
Boniswil,AG,False,False,1403
Boswil,AG,False,False,2781
Bottenwil,AG,False,False,791
Böttstein,AG,True,False,3986
Bözberg,AG,True,True,1571
Bözen,AG,False,False,736
Bremgarten (AG),AG,False,False,7769
Brittnau,AG,False,False,3906
Brugg,AG,True,True,11092
Brunegg,AG,False,False,810
Buchs (AG),AG,False,False,7908
Bünzen,AG,False,False,1095
Burg (AG),AG,False,False,1021
Büttikon,AG,False,False,986
Buttwil,AG,False,False,1225
Densbüren,AG,False,False,726
Dietwil,AG,False,False,1324
Dintikon,AG,True,True,2207
Dottikon,AG,False,False,3872
Döttingen,AG,True,True,3885
Dürrenäsch,AG,True,True,1237
Effingen,AG,False,False,593
Eggenwil,AG,False,False,998
Egliswil,AG,False,False,1408
Ehrendingen,AG,False,False,4847
Eiken,AG,True,False,2277
Elfingen,AG,False,False,293
Endingen,AG,False,False,2571
Ennetbaden,AG,True,True,3511
Erlinsbach (AG),AG,False,False,4146
Fahrwangen,AG,False,False,2056
Fischbach-Göslikon,AG,False,False,1651
Fisibach,AG,False,False,480
Fislisbach,AG,False,False,5548
Freienwil,AG,True,True,1039
Frick,AG,False,False,5449
Full-Reuenthal,AG,False,False,875
Gansingen,AG,False,False,1030
Gebenstorf,AG,False,False,5249
Geltwil,AG,False,False,209
Gipf-Oberfrick,AG,False,False,3502
Gontenschwil,AG,False,False,2110
Gränichen,AG,False,False,7706
Habsburg,AG,False,False,433
Hägglingen,AG,False,False,2428
Hallwil,AG,False,False,875
Hausen (AG),AG,False,False,3575
Hellikon,AG,True,True,788
Hendschiken,AG,True,True,1220
Herznach,AG,False,False,1506
Hirschthal,AG,False,False,1573
Holderbank (AG),AG,False,False,1214
Holziken,AG,True,True,1350
Hornussen,AG,False,False,936
Hunzenschwil,AG,True,True,4026
Islisberg,AG,False,False,618
Jonen,AG,True,True,2063
Kaiseraugst,AG,False,False,5576
Kaiserstuhl,AG,False,False,430
Kaisten,AG,False,False,2649
Kallern,AG,True,True,364
Killwangen,AG,False,False,2075
Kirchleerau,AG,False,False,849
Klingnau,AG,False,False,3480
Koblenz,AG,True,False,1655
Kölliken,AG,True,False,4324
Künten,AG,False,False,1746
Küttigen,AG,True,True,6086
Laufenburg,AG,False,False,3620
Leibstadt,AG,True,False,1278
Leimbach (AG),AG,False,False,445
Lengnau (AG),AG,False,False,2747
Lenzburg,AG,True,True,10179
Leuggern,AG,False,False,2143
Leutwil,AG,True,False,761
Lupfig,AG,True,True,3073
Magden,AG,False,False,3934
Mägenwil,AG,True,True,2118
Mandach,AG,False,False,334
Meisterschwanden,AG,True,True,2940
Mellikon,AG,False,False,239
Mellingen,AG,True,True,5466
Menziken,AG,True,True,6181
Merenschwand,AG,False,False,3474
Mettauertal,AG,False,False,1963
Möhlin,AG,True,True,11006
Mönthal,AG,False,False,396
Moosleerau,AG,False,False,929
Möriken-Wildegg,AG,True,True,4386
Muhen,AG,True,False,3862
Mühlau,AG,False,False,1170
Mülligen,AG,False,False,1108
Mumpf,AG,True,True,1431
Münchwilen (AG),AG,False,False,936
Murgenthal,AG,False,False,2911
Muri (AG),AG,False,False,7761
Neuenhof,AG,True,True,8680
Niederlenz,AG,False,False,4754
Niederrohrdorf,AG,True,False,4035
Niederwil (AG),AG,True,True,2843
Oberentfelden,AG,False,False,8066
Oberhof,AG,False,False,602
Oberkulm,AG,False,False,2720
Oberlunkhofen,AG,True,True,2011
Obermumpf,AG,False,False,1040
Oberrohrdorf,AG,True,True,4124
Oberrüti,AG,False,False,1574
Obersiggenthal,AG,False,False,8564
Oberwil-Lieli,AG,True,True,2361
Oeschgen,AG,False,False,1013
Oftringen,AG,False,False,13599
Olsberg,AG,False,False,359
Othmarsingen,AG,False,False,2782
Reinach (AG),AG,True,True,8438
Reitnau,AG,True,True,1267
Rekingen (AG),AG,False,False,933
Remetschwil,AG,False,False,2070
Remigen,AG,False,False,1066
Rheinfelden,AG,False,False,13360
Rietheim,AG,False,False,759
Riniken,AG,False,False,1478
Rothrist,AG,True,True,8922
Rottenschwil,AG,True,True,817
Rudolfstetten-Friedlisberg,AG,False,False,4475
Rüfenach,AG,True,True,854
Rümikon,AG,False,False,324
Rupperswil,AG,False,False,5484
Safenwil,AG,False,False,3805
Sarmenstorf,AG,False,False,2865
Schafisheim,AG,False,False,2998
Schinznach,AG,False,False,2221
Schinznach-Bad,AG,True,True,1298
Schlossrued,AG,False,False,841
Schmiedrued,AG,False,False,1166
Schneisingen,AG,False,False,1396
Schöftland,AG,False,False,4314
Schupfart,AG,True,False,825
Schwaderloch,AG,True,True,662
Seengen,AG,False,False,3955
Seon,AG,False,False,5219
Siglistorf,AG,True,True,630
Sins,AG,False,False,4320
Sisseln,AG,False,False,1585
Spreitenbach,AG,True,True,11795
Staffelbach,AG,False,False,1242
Staufen,AG,False,False,3235
Stein (AG),AG,False,False,3150
Stetten (AG),AG,True,True,2216
Strengelbach,AG,True,False,4809
Suhr,AG,False,False,10130
Tägerig,AG,False,False,1517
Tegerfelden,AG,False,False,1199
Teufenthal (AG),AG,True,True,1644
Thalheim (AG),AG,False,False,836
Turgi,AG,True,True,2962
Ueken,AG,False,False,895
Uerkheim,AG,False,False,1355
Uezwil,AG,False,False,473
Unterentfelden,AG,False,False,4045
Unterkulm,AG,True,True,3063
Unterlunkhofen,AG,False,False,1385
Untersiggenthal,AG,False,False,7176
Veltheim (AG),AG,False,False,1437
Villigen,AG,True,True,2091
Villmergen,AG,False,False,7295
Villnachern,AG,False,False,1655
Vordemwald,AG,False,False,1940
Wallbach,AG,False,False,1958
Waltenschwil,AG,False,False,2867
Wegenstetten,AG,False,False,1075
Wettingen,AG,False,False,20717
Widen,AG,False,False,3664
Wiliberg,AG,False,False,164
Windisch,AG,False,False,7636
Wislikofen,AG,False,False,342
Wittnau,AG,False,False,1320
Wohlen (AG),AG,False,False,16004
Wohlenschwil,AG,False,False,1560
Wölflinswil,AG,False,False,1042
Würenlingen,AG,False,False,4656
Würenlos,AG,False,False,6388
Zeihen,AG,False,False,1170
Zeiningen,AG,False,False,2288
Zetzwil,AG,False,False,1322
Zofingen,AG,True,True,11543
Zufikon,AG,True,True,4460
Zuzgen,AG,False,False,886
Aarberg,BE,True,True,4581
Aarwangen,BE,False,False,4514
Adelboden,BE,True,True,3371
Aefligen,BE,False,False,1091
Aegerten,BE,False,False,2052
Aeschi bei Spiez,BE,True,True,2285
Affoltern im Emmental,BE,True,True,1133
Alchenstorf,BE,False,False,579
Allmendingen,BE,True,True,579
Amsoldingen,BE,True,True,828
Arch,BE,False,False,1573
Arni (BE),BE,False,False,935
Attiswil,BE,True,True,1451
Auswil,BE,True,True,447
Bannwil,BE,True,False,681
Bargen (BE),BE,True,True,1009
Bäriswil,BE,False,False,1065
Bätterkinden,BE,True,False,3246
Beatenberg,BE,True,False,1208
Bellmund,BE,False,False,1647
Belp,BE,True,True,11439
Belprahon,BE,False,False,298
Berken,BE,True,False,43
Bern,BE,True,True,133798
Bettenhausen,BE,True,True,637
Biel/Bienne,BE,True,True,54640
Biglen,BE,False,False,1814
Bleienbach,BE,True,True,697
Blumenstein,BE,True,False,1227
Bolligen,BE,False,False,6260
Boltigen,BE,True,True,1270
Bönigen,BE,True,True,2512
Bowil,BE,False,False,1360
Bremgarten bei Bern,BE,False,False,4420
Brenzikofen,BE,True,True,488
Brienz (BE),BE,False,False,3120
Brienzwiler,BE,False,False,494
Brügg,BE,True,True,4287
Brüttelen,BE,False,False,587
Buchholterberg,BE,False,False,1552
Büetigen,BE,True,True,860
Bühl,BE,False,False,448
Büren an der Aare,BE,False,False,3610
Burgdorf,BE,True,True,16280
Burgistein,BE,False,False,1092
Busswil bei Melchnau,BE,False,False,188
Champoz,BE,False,False,168
Clavaleyres,BE,False,False,46
Corcelles (BE),BE,False,False,201
Corgémont,BE,False,False,1668
Cormoret,BE,True,False,486
Cortébert,BE,False,False,705
Court,BE,False,False,1427
Courtelary,BE,True,False,1391
Crémines,BE,False,False,519
Därligen,BE,True,True,429
Därstetten,BE,True,True,862
Deisswil bei Münchenbuchsee,BE,False,False,74
Diemerswil,BE,False,False,202
Diemtigen,BE,True,True,2200
Diessbach bei Büren,BE,True,True,990
Dotzigen,BE,True,True,1492
Dürrenroth,BE,False,False,1062
Eggiwil,BE,False,False,2455
Epsach,BE,True,False,323
Eriswil,BE,False,False,1399
Eriz,BE,False,False,490
Erlach,BE,True,True,1427
Erlenbach im Simmental,BE,False,False,1733
Ersigen,BE,True,True,2068
Eschert,BE,False,False,389
Evilard,BE,False,False,2638
Fahrni,BE,False,False,788
Farnern,BE,True,False,205
Ferenbalm,BE,False,False,1241
Finsterhennen,BE,True,True,560
Forst-Längenbühl,BE,False,False,778
Fraubrunnen,BE,False,False,5037
Frauenkappelen,BE,False,False,1235
Freimettigen,BE,False,False,473
Frutigen,BE,False,False,6917
Gals,BE,False,False,800
Gampelen,BE,True,True,973
Gerzensee,BE,False,False,1194
Golaten,BE,False,False,305
Gondiswil,BE,True,True,731
Graben,BE,True,True,332
Grandval,BE,True,False,393
Grindelwald,BE,False,False,3775
Grossaffoltern,BE,False,False,3032
Grosshöchstetten,BE,False,False,4185
Gsteig,BE,False,False,978
Gsteigwiler,BE,True,True,405
Guggisberg,BE,False,False,1539
Gündlischwand,BE,True,True,324
Gurbrü,BE,False,False,246
Gurzelen,BE,False,False,829
Guttannen,BE,True,True,266
Habkern,BE,False,False,643
Hagneck,BE,True,True,409
Hasle bei Burgdorf,BE,True,True,3350
Hasliberg,BE,False,False,1183
Häutligen,BE,True,True,253
Heiligenschwendi,BE,False,False,682
Heimberg,BE,True,True,6765
Heimenhausen,BE,False,False,1115
Heimiswil,BE,True,True,1621
Hellsau,BE,False,False,209
Herbligen,BE,False,False,600
Hermrigen,BE,False,False,314
Herzogenbuchsee,BE,False,False,7140
Hilterfingen,BE,True,True,4072
Hindelbank,BE,True,False,2495
Höchstetten,BE,False,False,278
Hofstetten bei Brienz,BE,True,True,531
Homberg,BE,True,True,523
Horrenbach-Buchen,BE,True,True,226
Huttwil,BE,False,False,4836
Iffwil,BE,True,True,444
Inkwil,BE,True,True,607
Innertkirchen,BE,False,False,1076
Ins,BE,True,True,3536
Interlaken,BE,True,True,5592
Ipsach,BE,False,False,3996
Iseltwald,BE,False,False,441
Ittigen,BE,False,False,11335
Jaberg,BE,True,True,269
Jegenstorf,BE,False,False,5697
Jens,BE,False,False,666
Kallnach,BE,False,False,1902
Kandergrund,BE,False,False,780
Kandersteg,BE,False,False,1301
Kappelen,BE,False,False,1408
Kaufdorf,BE,True,False,1085
Kehrsatz,BE,False,False,4263
Kernenried,BE,True,False,531
Kiesen,BE,True,True,989
Kirchberg (BE),BE,False,False,5940
Kirchdorf (BE),BE,True,True,1841
Kirchenthurnen,BE,True,True,273
Kirchlindach,BE,True,True,3004
Köniz,BE,True,True,41507
Konolfingen,BE,True,True,5292
Koppigen,BE,False,False,2092
Krattigen,BE,True,False,1128
Krauchthal,BE,False,False,2333
Kriechenwil,BE,False,False,420
La Ferrière,BE,False,False,542
La Neuveville,BE,False,False,3698
Landiswil,BE,False,False,628
Langenthal,BE,False,False,15639
Langnau im Emmental,BE,True,True,9419
Lauenen,BE,False,False,829
Laupen,BE,False,False,3093
Lauperswil,BE,False,False,2629
Lauterbrunnen,BE,False,False,2350
Leissigen,BE,False,False,1079
Lengnau (BE),BE,True,True,5195
Lenk,BE,False,False,2336
Leuzigen,BE,True,True,1254
Ligerz,BE,True,False,566
Linden,BE,False,False,1281
Lohnstorf,BE,False,False,225
Lotzwil,BE,False,False,2555
Loveresse,BE,True,True,325
Lüscherz,BE,True,True,545
Lütschental,BE,False,False,219
Lützelflüh,BE,True,False,4165
Lyss,BE,False,False,14887
Lyssach,BE,False,False,1424
Madiswil,BE,False,False,3279
Matten bei Interlaken,BE,True,True,4071
Mattstetten,BE,False,False,573
Meienried,BE,True,True,53
Meikirch,BE,False,False,2499
Meinisberg,BE,False,False,1309
Meiringen,BE,False,False,4690
Melchnau,BE,False,False,1536
Merzligen,BE,False,False,400
Mirchel,BE,False,False,630
Mont-Tramelan,BE,True,True,118
Moosseedorf,BE,False,False,4114
Mörigen,BE,True,True,891
Mötschwil,BE,True,True,127
Moutier,BE,False,False,7477
Mühleberg,BE,False,False,2974
Mühlethurnen,BE,True,True,1378
Münchenbuchsee,BE,False,False,10079
Münchenwiler,BE,True,True,514
Münsingen,BE,True,True,12533
Müntschemier,BE,True,False,1396
Muri bei Bern,BE,False,False,13058
Neuenegg,BE,False,False,5543
Nidau,BE,True,True,6827
Niederbipp,BE,False,False,4717
Niederhünigen,BE,True,True,614
Niedermuhlern,BE,False,False,499
Niederönz,BE,True,True,1675
Niederried bei Interlaken,BE,False,False,348
Nods,BE,False,False,761
Oberbalm,BE,False,False,869
Oberbipp,BE,True,True,1733
Oberburg,BE,False,False,2917
Oberdiessbach,BE,False,False,3523
Oberhofen am Thunersee,BE,False,False,2415
Oberhünigen,BE,False,False,308
Oberlangenegg,BE,True,False,475
Oberried am Brienzersee,BE,True,False,476
Obersteckholz,BE,False,False,412
Oberthal,BE,False,False,731
Oberwil bei Büren,BE,True,True,856
Oberwil im Simmental,BE,False,False,797
Ochlenberg,BE,True,True,563
Oeschenbach,BE,True,True,240
Oppligen,BE,False,False,644
Orpund,BE,True,False,2734
Orvin,BE,True,True,1204
Ostermundigen,BE,False,False,17546
Perrefitte,BE,False,False,460
Péry-La Heutte,BE,True,True,1933
Petit-Val,BE,True,False,408
Pieterlen,BE,True,False,4225
Plateau de Diesse,BE,False,False,2067
Pohlern,BE,True,False,257
Port,BE,False,False,3624
Radelfingen,BE,False,False,1266
Rapperswil (BE),BE,False,False,2659
Rebévelier,BE,True,True,42
Reconvilier,BE,False,False,2308
Reichenbach im Kandertal,BE,True,True,3616
Reisiswil,BE,True,True,177
Renan (BE),BE,False,False,923
Reutigen,BE,False,False,983
Riggisberg,BE,True,True,2491
Ringgenberg (BE),BE,False,False,2663
Roches (BE),BE,True,True,196
Roggwil (BE),BE,False,False,4051
Rohrbach,BE,True,True,1469
Rohrbachgraben,BE,True,True,397
Romont (BE),BE,False,False,188
Röthenbach im Emmental,BE,False,False,1184
Rubigen,BE,False,False,2924
Rüderswil,BE,False,False,2363
Rüdtligen-Alchenflüh,BE,False,False,2396
Rüeggisberg,BE,True,True,1789
Rüegsau,BE,True,True,3256
Rumendingen,BE,True,True,77
Rumisberg,BE,False,False,487
Rümligen,BE,True,True,440
Rüschegg,BE,False,False,1630
Rüti bei Büren,BE,True,False,846
Rüti bei Lyssach,BE,True,True,166
Rütschelen,BE,False,False,564
Saanen,BE,False,False,6901
Safnern,BE,False,False,1903
Saicourt,BE,False,False,626
Saint-Imier,BE,True,False,5156
Sauge,BE,False,False,816
Saules (BE),BE,True,True,153
Saxeten,BE,True,True,100
Schangnau,BE,False,False,897
Schattenhalb,BE,False,False,560
Schelten,BE,True,False,34
Scheuren,BE,True,True,447
Schüpfen,BE,False,False,3752
Schwadernau,BE,True,True,673
Schwanden bei Brienz,BE,True,True,603
Schwarzenburg,BE,False,False,6827
Schwarzhäusern,BE,False,False,517
Schwendibach,BE,False,False,249
Seeberg,BE,False,False,1545
Seedorf (BE),BE,True,True,3113
Seehof,BE,True,True,63
Seftigen,BE,True,True,2191
Signau,BE,False,False,2694
Sigriswil,BE,True,False,4788
Siselen,BE,True,True,574
Sonceboz-Sombeval,BE,True,True,1944
Sonvilier,BE,True,True,1240
Sorvilier,BE,True,True,279
Spiez,BE,False,False,12707
St. Stephan,BE,True,True,1332
Steffisburg,BE,True,True,15816
Stettlen,BE,False,False,3105
Stocken-Höfen,BE,False,False,1004
Studen (BE),BE,False,False,3278
Sumiswald,BE,True,False,5044
Sutz-Lattrigen,BE,True,True,1382
Täuffelen,BE,True,True,2821
Tavannes,BE,False,False,3626
Teuffenthal (BE),BE,True,True,165
Thierachern,BE,True,True,2401
Thörigen,BE,True,True,1127
Thun,BE,False,False,43743
Thunstetten,BE,False,False,3320
Toffen,BE,False,False,2557
Trachselwald,BE,True,True,961
Tramelan,BE,True,True,4595
Treiten,BE,False,False,420
Trub,BE,True,True,1353
Trubschachen,BE,True,True,1444
Tschugg,BE,True,True,446
Twann-Tüscherz,BE,False,False,1134
Uebeschi,BE,True,True,685
Uetendorf,BE,True,False,5950
Unterlangenegg,BE,True,False,987
Unterseen,BE,True,True,5712
Ursenbach,BE,True,True,905
Urtenen-Schönbühl,BE,False,False,6222
Uttigen,BE,True,True,2070
Utzenstorf,BE,True,True,4295
Valbirse,BE,True,True,4017
Vechigen,BE,True,True,5242
Villeret,BE,False,False,924
Vinelz,BE,True,True,860
Wachseldorn,BE,True,True,234
Wald (BE),BE,True,True,1171
Walkringen,BE,False,False,1782
Walliswil bei Niederbipp,BE,False,False,221
Walliswil bei Wangen,BE,False,False,601
Walperswil,BE,True,True,1008
Walterswil (BE),BE,True,True,554
Wangen an der Aare,BE,False,False,2301
Wangenried,BE,False,False,431
Wattenwil,BE,True,True,2895
Wengi,BE,True,True,617
Wichtrach,BE,False,False,4318
Wiedlisbach,BE,True,True,2317
Wiggiswil,BE,True,True,102
Wilderswil,BE,False,False,2672
Wiler bei Utzenstorf,BE,True,True,910
Wileroltigen,BE,True,True,357
Willadingen,BE,False,False,207
Wimmis,BE,False,False,2446
Wohlen bei Bern,BE,False,False,9215
Wolfisberg,BE,False,False,179
Worb,BE,False,False,11394
Worben,BE,False,False,2266
Wynau,BE,False,False,1630
Wynigen,BE,False,False,2043
Wyssachen,BE,True,False,1161
Zäziwil,BE,False,False,1628
Zielebach,BE,True,True,323
Zollikofen,BE,False,False,10314
Zuzwil (BE),BE,True,True,572
Zweisimmen,BE,False,False,3030
Zwieselberg,BE,True,True,324
Aclens,VD,True,False,544
Agiez,VD,False,False,314
Aigle,VD,True,True,10131
Allaman,VD,False,False,438
Apples,VD,False,False,1440
Arnex-sur-Nyon,VD,True,False,224
Arnex-sur-Orbe,VD,False,False,641
Arzier-Le Muids,VD,False,False,2656
Assens,VD,True,False,1069
Aubonne,VD,False,False,3263
Avenches,VD,True,True,4208
Ballaigues,VD,False,False,1092
Ballens,VD,False,False,524
Bassins,VD,True,True,1351
Baulmes,VD,False,False,1056
Bavois,VD,False,False,926
Begnins,VD,True,True,1910
Belmont-sur-Lausanne,VD,True,True,3655
Belmont-sur-Yverdon,VD,False,False,378
Bercher,VD,True,True,1217
Berolle,VD,True,True,301
Bettens,VD,False,False,571
Bex,VD,True,True,7747
Bière,VD,False,False,1572
Bioley-Magnoux,VD,False,False,225
Bioley-Orjulaz,VD,True,True,491
Blonay,VD,True,True,6190
Bofflens,VD,True,True,192
Bogis-Bossey,VD,True,True,910
Bonvillars,VD,True,False,497
Borex,VD,True,True,1129
Bottens,VD,True,True,1262
Bougy-Villars,VD,False,False,481
Boulens,VD,True,True,378
Bourg-en-Lavaux,VD,False,False,5285
Bournens,VD,True,True,417
Boussens,VD,False,False,982
Bremblens,VD,False,False,547
Bretigny-sur-Morrens,VD,False,False,823
Bretonnières,VD,False,False,262
Buchillon,VD,False,False,641
Bullet,VD,False,False,644
Bursinel,VD,True,True,487
Bursins,VD,False,False,738
Burtigny,VD,False,False,359
Bussigny,VD,True,True,8645
Bussy-Chardonney,VD,False,False,374
Bussy-sur-Moudon,VD,True,True,208
Chamblon,VD,False,False,533
Champagne,VD,False,False,1027
Champtauroz,VD,True,True,128
Champvent,VD,False,False,674
Chardonne,VD,True,True,2914
Château-d&#39;Oex,VD,False,False,3433
Chavannes-de-Bogis,VD,False,False,1306
Chavannes-des-Bois,VD,True,True,962
Chavannes-le-Chêne,VD,False,False,298
Chavannes-le-Veyron,VD,False,False,141
Chavannes-près-Renens,VD,True,True,7649
Chavannes-sur-Moudon,VD,False,False,220
Chavornay,VD,False,False,4903
Chêne-Pâquier,VD,True,True,138
Cheseaux-Noréaz,VD,False,False,703
Cheseaux-sur-Lausanne,VD,False,False,4357
Chéserex,VD,True,False,1220
Chessel,VD,False,False,402
Chevilly,VD,True,True,298
Chevroux,VD,False,False,469
Chexbres,VD,True,True,2255
Chigny,VD,True,True,338
Clarmont,VD,False,False,189
Coinsins,VD,False,False,483
Commugny,VD,False,False,2848
Concise,VD,False,False,970
Coppet,VD,False,False,3152
Corbeyrier,VD,False,False,437
Corcelles-le-Jorat,VD,False,False,458
Corcelles-près-Concise,VD,True,True,377
Corcelles-près-Payerne,VD,True,True,2443
Corseaux,VD,False,False,2278
Corsier-sur-Vevey,VD,True,True,3401
Cossonay,VD,False,False,3813
Cottens (VD),VD,True,True,478
Crans-près-Céligny,VD,False,False,2182
Crassier,VD,True,True,1153
Crissier,VD,True,True,8037
Cronay,VD,True,True,380
Croy,VD,True,True,379
Cuarnens,VD,False,False,479
Cuarny,VD,True,True,240
Cudrefin,VD,True,False,1589
Cugy (VD),VD,False,False,2735
Curtilles,VD,False,False,318
Daillens,VD,False,False,999
Démoret,VD,False,False,146
Denens,VD,True,True,774
Denges,VD,True,True,1617
Dizy,VD,False,False,229
Dompierre (VD),VD,False,False,259
Donneloye,VD,False,False,809
Duillier,VD,True,True,1080
Dully,VD,False,False,639
Echallens,VD,False,False,5732
Echandens,VD,False,False,2762
Echichens,VD,True,True,2706
Eclépens,VD,False,False,1093
Ecublens (VD),VD,True,True,12488
Epalinges,VD,True,True,9333
Ependes (VD),VD,False,False,361
Essertes,VD,True,True,347
Essertines-sur-Rolle,VD,False,False,691
Essertines-sur-Yverdon,VD,True,True,981
Etagnières,VD,False,False,1117
Etoy,VD,False,False,2919
Eysins,VD,True,True,1601
Faoug,VD,False,False,895
Féchy,VD,True,True,896
Ferreyres,VD,False,False,321
Fey,VD,False,False,703
Fiez,VD,False,False,425
Fontaines-sur-Grandson,VD,True,False,210
Forel (Lavaux),VD,False,False,2083
Founex,VD,False,False,3796
Froideville,VD,False,False,2557
Genolier,VD,False,False,1937
Giez,VD,True,True,421
Gilly,VD,True,True,1309
Gimel,VD,False,False,2016
Gingins,VD,False,False,1210
Givrins,VD,False,False,989
Gland,VD,False,False,13078
Gollion,VD,True,True,917
Goumoëns,VD,False,False,1110
Grancy,VD,False,False,403
Grandcour,VD,False,False,888
Grandevent,VD,False,False,229
Grandson,VD,False,False,3280
Grens,VD,False,False,381
Gryon,VD,False,False,1364
Henniez,VD,False,False,359
Hermenches,VD,False,False,379
Jongny,VD,False,False,1550
Jorat-Menthue,VD,False,False,1529
Jorat-Mézières,VD,False,False,2847
Jouxtens-Mézery,VD,False,False,1469
Juriens,VD,False,False,309
La Chaux (Cossonay),VD,False,False,421
La Praz,VD,True,True,161
La Rippe,VD,True,True,1167
La Sarraz,VD,True,True,2596
La Tour-de-Peilz,VD,False,False,11752
L&#39;Abbaye,VD,False,False,1493
L&#39;Abergement,VD,False,False,237
Lausanne,VD,True,False,138905
Lavey-Morcles,VD,False,False,925
Lavigny,VD,False,False,1012
Le Chenit,VD,False,False,4597
Le Lieu,VD,False,False,868
Le Mont-sur-Lausanne,VD,True,True,8097
Le Vaud,VD,False,False,1274
Les Clées,VD,False,False,181
Leysin,VD,True,True,4032
Lignerolle,VD,True,True,416
L&#39;Isle,VD,False,False,1000
Lonay,VD,False,False,2491
Longirod,VD,False,False,469
Lovatens,VD,False,False,141
Lucens,VD,False,False,4133
Luins,VD,True,False,605
Lully (VD),VD,True,False,794
Lussery-Villars,VD,False,False,459
Lussy-sur-Morges,VD,False,False,668
Lutry,VD,True,True,9986
Maracon,VD,False,False,475
Marchissy,VD,True,True,454
Mathod,VD,False,False,616
Mauborget,VD,False,False,119
Mauraz,VD,False,False,60
Mex (VD),VD,False,False,720
Mies,VD,True,False,2050
Missy,VD,True,True,351
Moiry,VD,True,True,313
Mollens (VD),VD,False,False,300
Molondin,VD,True,False,232
Montagny-près-Yverdon,VD,False,False,716
Montanaire,VD,True,True,2596
Montcherand,VD,True,True,481
Montherod,VD,True,True,532
Montilliez,VD,False,False,1731
Mont-la-Ville,VD,True,True,418
Montpreveyres,VD,True,True,647
Montreux,VD,True,False,26574
Montricher,VD,True,False,986
Mont-sur-Rolle,VD,True,False,2708
Morges,VD,True,True,15838
Morrens (VD),VD,False,False,1090
Moudon,VD,False,False,6187
Mutrux,VD,True,True,163
Novalles,VD,True,True,101
Noville,VD,False,False,1054
Nyon,VD,True,True,20533
Ogens,VD,True,True,304
Ollon,VD,True,True,7497
Onnens (VD),VD,True,True,476
Oppens,VD,True,False,194
Orbe,VD,True,True,6987
Orges,VD,True,False,336
Ormont-Dessous,VD,True,False,1115
Ormont-Dessus,VD,False,False,1468
Orny,VD,False,False,357
Oron,VD,True,False,5461
Orzens,VD,False,False,194
Oulens-sous-Echallens,VD,True,True,578
Pailly,VD,False,False,543
Pampigny,VD,True,True,1126
Paudex,VD,False,False,1481
Payerne,VD,True,True,9699
Penthalaz,VD,True,False,3276
Penthaz,VD,False,False,1725
Penthéréaz,VD,False,False,418
Perroy,VD,False,False,1508
Poliez-Pittet,VD,False,False,850
Pompaples,VD,True,False,853
Pomy,VD,True,True,785
Prangins,VD,True,True,4072
Premier,VD,False,False,210
Préverenges,VD,False,False,5286
Prévonloup,VD,False,False,160
Prilly,VD,True,True,12110
Provence,VD,True,True,388
Puidoux,VD,False,False,2902
Pully,VD,True,True,18160
Rances,VD,True,False,485
Renens (VD),VD,False,False,21036
Rennaz,VD,True,True,843
Reverolle,VD,False,False,382
Rivaz,VD,False,False,352
Roche (VD),VD,True,True,1647
Rolle,VD,False,False,6218
Romainmôtier-Envy,VD,False,False,550
Romanel-sur-Lausanne,VD,True,True,3298
Romanel-sur-Morges,VD,False,False,469
Ropraz,VD,False,False,456
Rossenges,VD,True,True,62
Rossinière,VD,True,False,543
Rougemont,VD,False,False,889
Rovray,VD,False,False,186
Rueyres,VD,False,False,256
Saint-Barthélemy (VD),VD,True,True,771
Saint-Cergue,VD,True,True,2547
Sainte-Croix,VD,False,False,4916
Saint-George,VD,True,True,1028
Saint-Légier-La Chiésaz,VD,False,False,5163
Saint-Livres,VD,False,False,682
Saint-Oyens,VD,True,False,365
Saint-Prex,VD,False,False,5682
Saint-Saphorin (Lavaux),VD,False,False,395
Saint-Sulpice (VD),VD,True,True,4508
Saubraz,VD,False,False,423
Savigny,VD,False,False,3348
Senarclens,VD,True,True,505
Sergey,VD,False,False,137
Servion,VD,True,False,1901
Sévery,VD,False,False,233
Signy-Avenex,VD,False,False,566
Suchy,VD,True,True,604
Sullens,VD,True,True,1004
Suscévaz,VD,False,False,200
Syens,VD,True,False,149
Tannay,VD,False,False,1595
Tartegnin,VD,False,False,235
Tévenon,VD,True,True,844
Tolochenaz,VD,True,True,1879
Trélex,VD,False,False,1402
Trey,VD,False,False,270
Treycovagnes,VD,True,True,451
Treytorrens (Payerne),VD,False,False,122
Ursins,VD,False,False,218
Valbroye,VD,False,False,3025
Valeyres-sous-Montagny,VD,True,True,705
Valeyres-sous-Rances,VD,False,False,629
Valeyres-sous-Ursins,VD,True,True,239
Vallorbe,VD,False,False,3851
Vaulion,VD,False,False,485
Vaux-sur-Morges,VD,True,True,199
Vevey,VD,False,False,19827
Veytaux,VD,False,False,868
Vich,VD,False,False,1022
Villars-Epeney,VD,True,False,106
Villars-le-Comte,VD,False,False,142
Villars-le-Terroir,VD,True,False,1151
Villars-Sainte-Croix,VD,False,False,934
Villars-sous-Yens,VD,True,True,614
Villarzel,VD,True,True,416
Villeneuve (VD),VD,False,False,5673
Vinzel,VD,True,False,370
Vuarrens,VD,False,False,1003
Vucherens,VD,False,False,582
Vufflens-la-Ville,VD,True,True,1284
Vufflens-le-Château,VD,True,True,884
Vugelles-La Mothe,VD,False,False,122
Vuiteboeuf,VD,False,False,584
Vulliens,VD,True,True,516
Vullierens,VD,False,False,499
Vully-les-Lacs,VD,False,False,3086
Yens,VD,False,False,1386
Yverdon-les-Bains,VD,False,False,30143
Yvonand,VD,False,False,3349
Yvorne,VD,False,False,1051
Acquarossa,TI,False,False,1850
Agno,TI,True,False,4480
Airolo,TI,True,True,1527
Alto Malcantone,TI,False,False,1405
Aranno,TI,False,False,375
Arbedo-Castione,TI,True,False,5039
Arogno,TI,True,False,1011
Ascona,TI,True,False,5534
Astano,TI,False,False,303
Avegno Gordevio,TI,True,True,1479
Balerna,TI,False,False,3345
Bedano,TI,True,False,1542
Bedigliora,TI,False,False,634
Bedretto,TI,True,True,109
Bellinzona,TI,True,True,43181
Biasca,TI,False,False,6126
Bioggio,TI,True,True,2647
Bissone,TI,False,False,926
Blenio,TI,True,False,1826
Bodio,TI,False,False,1031
Bosco/Gurin,TI,True,True,50
Breggia,TI,False,False,2033
Brione (Verzasca),TI,True,True,190
Brione sopra Minusio,TI,False,False,488
Brissago,TI,True,True,1758
Brusino Arsizio,TI,True,True,485
Cademario,TI,True,False,796
Cadempino,TI,False,False,1507
Cadenazzo,TI,True,False,2932
Campo (Vallemaggia),TI,True,True,53
Canobbio,TI,True,False,2116
Capriasca,TI,False,False,6660
Caslano,TI,False,False,4330
Castel San Pietro,TI,True,False,2130
Centovalli,TI,False,False,1151
Cerentino,TI,True,False,49
Cevio,TI,True,True,1177
Chiasso,TI,True,True,8182
Coldrerio,TI,False,False,2927
Collina d&#39;Oro,TI,True,True,4911
Comano,TI,False,False,2032
Corippo,TI,True,True,12
Croglio,TI,False,False,854
Cugnasco-Gerra,TI,True,False,2877
Cureglia,TI,True,False,1387
Curio,TI,True,False,544
Dalpe,TI,True,False,186
Faido,TI,False,False,2949
Frasco,TI,True,False,107
Gambarogno,TI,True,True,5137
Giornico,TI,False,False,873
Gordola,TI,False,False,4673
Grancia,TI,False,False,515
Gravesano,TI,False,False,1321
Isone,TI,True,False,378
Lamone,TI,True,True,1780
Lavertezzo,TI,False,False,1329
Lavizzara,TI,False,False,526
Linescio,TI,True,True,48
Locarno,TI,False,False,16012
Losone,TI,True,True,6622
Lugano,TI,True,True,63494
Lumino,TI,False,False,1470
Maggia,TI,True,False,2586
Magliaso,TI,True,False,1607
Manno,TI,False,False,1338
Maroggia,TI,False,False,683
Massagno,TI,False,False,6268
Melano,TI,False,False,1445
Melide,TI,False,False,1816
Mendrisio,TI,True,True,14914
Mergoscia,TI,True,False,216
Mezzovico-Vira,TI,True,False,1356
Miglieglia,TI,True,False,311
Minusio,TI,True,False,7226
Monteceneri,TI,False,False,4502
Monteggio,TI,False,False,891
Morbio Inferiore,TI,True,False,4572
Morcote,TI,False,False,725
Muralto,TI,False,False,2713
Muzzano,TI,True,False,812
Neggio,TI,False,False,317
Novaggio,TI,False,False,829
Novazzano,TI,False,False,2365
Onsernone,TI,False,False,693
Origlio,TI,True,True,1471
Orselina,TI,False,False,735
Paradiso,TI,True,False,4144
Personico,TI,True,False,344
Pollegio,TI,True,False,757
Ponte Capriasca,TI,False,False,1889
Ponte Tresa,TI,True,True,795
Porza,TI,True,False,1580
Prato (Leventina),TI,False,False,413
Pura,TI,False,False,1364
Quinto,TI,False,False,1044
Riva San Vitale,TI,True,True,2617
Riviera,TI,True,True,4192
Ronco sopra Ascona,TI,False,False,608
Rovio,TI,False,False,838
Sant&#39;Antonino,TI,False,False,2513
Savosa,TI,False,False,2230
Serravalle,TI,False,False,2071
Sessa,TI,True,True,682
Sonogno,TI,True,True,88
Sorengo,TI,True,False,1779
Stabio,TI,False,False,4616
Tenero-Contra,TI,False,False,3108
Terre di Pedemonte,TI,True,False,2598
Torricella-Taverne,TI,False,False,3053
Vacallo,TI,True,True,3383
Vernate,TI,True,False,583
Vezia,TI,False,False,1947
Vico Morcote,TI,True,False,382
Vogorno,TI,True,True,279
Adligenswil,LU,False,False,5343
Aesch (LU),LU,False,False,1205
Alberswil,LU,True,True,655
Altbüron,LU,True,False,1025
Altishofen,LU,True,False,1572
Altwis,LU,False,False,438
Ballwil,LU,False,False,2786
Beromünster,LU,False,False,6478
Buchrain,LU,False,False,6116
Büron,LU,True,True,2444
Buttisholz,LU,True,True,3287
Dagmersellen,LU,True,True,5369
Dierikon,LU,False,False,1503
Doppleschwand,LU,True,True,786
Ebersecken,LU,True,False,386
Ebikon,LU,True,True,13531
Egolzwil,LU,False,False,1483
Eich,LU,True,True,1632
Emmen,LU,False,False,30682
Entlebuch,LU,True,True,3315
Ermensee,LU,False,False,984
Eschenbach (LU),LU,True,True,3589
Escholzmatt-Marbach,LU,True,True,4358
Ettiswil,LU,True,True,2691
Fischbach,LU,True,True,706
Flühli,LU,False,False,1956
Gettnau,LU,False,False,1151
Geuensee,LU,True,True,2911
Gisikon,LU,False,False,1331
Greppen,LU,False,False,1075
Grossdietwil,LU,True,True,863
Grosswangen,LU,True,True,3273
Hasle (LU),LU,True,True,1752
Hergiswil bei Willisau,LU,False,False,1908
Hildisrieden,LU,False,False,2275
Hitzkirch,LU,False,False,5201
Hochdorf,LU,False,False,9832
Hohenrain,LU,False,False,2474
Honau,LU,False,False,391
Horw,LU,False,False,13915
Inwil,LU,True,True,2557
Knutwil,LU,False,False,2182
Kriens,LU,True,True,26997
Luthern,LU,False,False,1295
Luzern,LU,True,True,81401
Malters,LU,False,False,7231
Mauensee,LU,True,True,1488
Meggen,LU,False,False,7138
Meierskappel,LU,False,False,1369
Menznau,LU,False,False,2902
Nebikon,LU,False,False,2645
Neuenkirch,LU,False,False,7104
Nottwil,LU,True,True,3848
Oberkirch,LU,False,False,4679
Pfaffnau,LU,False,False,2668
Rain,LU,False,False,2770
Reiden,LU,False,False,7038
Rickenbach (LU),LU,True,True,3254
Roggliswil,LU,False,False,688
Römerswil,LU,False,False,1769
Romoos,LU,True,True,670
Root,LU,False,False,4995
Rothenburg,LU,False,False,7571
Ruswil,LU,False,False,6856
Schenkon,LU,False,False,2862
Schlierbach,LU,False,False,878
Schongau,LU,True,True,1044
Schötz,LU,False,False,4396
Schüpfheim,LU,True,True,4181
Schwarzenberg,LU,True,True,1690
Sempach,LU,False,False,4128
Sursee,LU,False,False,9900
Triengen,LU,False,False,4652
Udligenswil,LU,False,False,2279
Ufhusen,LU,False,False,903
Vitznau,LU,False,False,1381
Wauwil,LU,True,False,2177
Weggis,LU,False,False,4404
Werthenstein,LU,False,False,2115
Wikon,LU,False,False,1525
Willisau,LU,False,False,7825
Wolhusen,LU,True,False,4375
Zell (LU),LU,False,False,2004
Adlikon,ZH,False,False,665
Adliswil,ZH,False,False,18803
Aesch (ZH),ZH,False,False,1348
Aeugst am Albis,ZH,True,True,1941
Affoltern am Albis,ZH,True,True,12146
Altikon,ZH,False,False,676
Andelfingen,ZH,False,False,2208
Bachenbülach,ZH,False,False,4114
Bachs,ZH,True,True,593
Bäretswil,ZH,True,True,5038
Bassersdorf,ZH,True,True,11655
Bauma,ZH,False,False,4939
Benken (ZH),ZH,False,False,858
Berg am Irchel,ZH,True,True,564
Birmensdorf (ZH),ZH,False,False,6414
Bonstetten,ZH,False,False,5512
Boppelsen,ZH,False,False,1373
Brütten,ZH,False,False,2022
Bubikon,ZH,False,False,7200
Buch am Irchel,ZH,False,False,971
Buchs (ZH),ZH,False,False,6315
Bülach,ZH,True,True,19888
Dachsen,ZH,False,False,1936
Dägerlen,ZH,False,False,1015
Dällikon,ZH,False,False,4118
Dänikon,ZH,True,True,1879
Dättlikon,ZH,False,False,782
Dielsdorf,ZH,False,False,5966
Dietikon,ZH,True,True,27079
Dietlikon,ZH,True,True,7702
Dinhard,ZH,True,True,1557
Dorf,ZH,True,False,687
Dübendorf,ZH,False,False,28141
Dürnten,ZH,False,False,7570
Egg,ZH,True,True,8452
Eglisau,ZH,True,True,5188
Elgg,ZH,False,False,4425
Ellikon an der Thur,ZH,False,False,902
Elsau,ZH,False,False,3631
Embrach,ZH,False,False,9432
Erlenbach (ZH),ZH,False,False,5576
Fällanden,ZH,False,False,8606
Fehraltorf,ZH,True,False,6416
Feuerthalen,ZH,True,True,3641
Fischenthal,ZH,True,True,2512
Flaach,ZH,False,False,1390
Flurlingen,ZH,False,False,1440
Freienstein-Teufen,ZH,False,False,2376
Geroldswil,ZH,True,False,4943
Glattfelden,ZH,False,False,5190
Gossau (ZH),ZH,False,False,9968
Greifensee,ZH,False,False,5354
Grüningen,ZH,False,False,3382
Hagenbuch,ZH,False,False,1106
Hausen am Albis,ZH,False,False,3664
Hedingen,ZH,True,True,3694
Henggart,ZH,False,False,2268
Herrliberg,ZH,True,False,6308
Hettlingen,ZH,False,False,3179
Hinwil,ZH,False,False,11199
Hittnau,ZH,False,False,3634
Hochfelden,ZH,True,True,1934
Hombrechtikon,ZH,True,True,8620
Horgen,ZH,False,False,20335
Höri,ZH,False,False,2738
Humlikon,ZH,False,False,486
Hüntwangen,ZH,False,False,1027
Hütten,ZH,False,False,897
Hüttikon,ZH,False,False,930
Illnau-Effretikon,ZH,True,True,16975
Kappel am Albis,ZH,False,False,1125
Kilchberg (ZH),ZH,False,False,8470
Kleinandelfingen,ZH,False,False,2076
Kloten,ZH,False,False,19408
Knonau,ZH,True,True,2305
Küsnacht (ZH),ZH,True,True,14307
Langnau am Albis,ZH,True,True,7533
Laufen-Uhwiesen,ZH,False,False,1668
Lindau,ZH,False,False,5645
Lufingen,ZH,False,False,2381
Männedorf,ZH,False,False,10957
Marthalen,ZH,True,True,1957
Maschwanden,ZH,False,False,641
Maur,ZH,False,False,10170
Meilen,ZH,False,False,13999
Mettmenstetten,ZH,False,False,4886
Mönchaltorf,ZH,False,False,3735
Neerach,ZH,False,False,3151
Neftenbach,ZH,False,False,5553
Niederglatt,ZH,False,False,4949
Niederhasli,ZH,False,False,9202
Niederweningen,ZH,False,False,3035
Nürensdorf,ZH,True,True,5611
Oberembrach,ZH,False,False,1058
Oberengstringen,ZH,False,False,6620
Oberglatt,ZH,True,True,6988
Oberrieden,ZH,True,True,5090
Oberstammheim,ZH,False,False,1197
Oberweningen,ZH,False,False,1802
Obfelden,ZH,False,False,5356
Oetwil am See,ZH,False,False,4762
Oetwil an der Limmat,ZH,True,True,2479
Opfikon,ZH,False,False,19978
Ossingen,ZH,False,False,1567
Otelfingen,ZH,False,False,2842
Ottenbach,ZH,False,False,2569
Pfäffikon,ZH,False,False,11864
Pfungen,ZH,False,False,3851
Rafz,ZH,False,False,4483
Regensberg,ZH,False,False,474
Regensdorf,ZH,True,True,18317
Rheinau,ZH,False,False,1299
Richterswil,ZH,False,False,13454
Rickenbach (ZH),ZH,False,False,2671
Rifferswil,ZH,False,False,1103
Rorbas,ZH,False,False,2841
Rümlang,ZH,False,False,7968
Rüschlikon,ZH,False,False,5853
Russikon,ZH,False,False,4367
Rüti (ZH),ZH,True,True,12157
Schlatt (ZH),ZH,False,False,735
Schleinikon,ZH,False,False,736
Schlieren,ZH,False,False,18760
Schöfflisdorf,ZH,False,False,1405
Schönenberg (ZH),ZH,False,False,1847
Schwerzenbach,ZH,False,False,5093
Seegräben,ZH,False,False,1440
Seuzach,ZH,False,False,7312
Stadel,ZH,False,False,2280
Stäfa,ZH,True,True,14435
Stallikon,ZH,True,True,3717
Steinmaur,ZH,False,False,3482
Thalheim an der Thur,ZH,True,True,929
Thalwil,ZH,False,False,17857
Trüllikon,ZH,False,False,1059
Truttikon,ZH,False,False,478
Turbenthal,ZH,True,True,4761
Uetikon am See,ZH,False,False,6161
Uitikon,ZH,False,False,4245
Unterengstringen,ZH,False,False,3804
Unterstammheim,ZH,False,False,891
Urdorf,ZH,True,True,9783
Uster,ZH,True,True,34516
Volken,ZH,True,False,342
Volketswil,ZH,True,True,18693
Wädenswil,ZH,True,True,21792
Wald (ZH),ZH,False,False,9815
Wallisellen,ZH,False,False,15939
Waltalingen,ZH,False,False,658
Wangen-Brüttisellen,ZH,False,False,7883
Wasterkingen,ZH,False,False,574
Weiach,ZH,True,True,1756
Weiningen (ZH),ZH,False,False,4775
Weisslingen,ZH,True,True,3303
Wettswil am Albis,ZH,False,False,5112
Wetzikon (ZH),ZH,True,True,24513
Wiesendangen,ZH,False,False,6380
Wil (ZH),ZH,False,False,1407
Wila,ZH,True,True,1975
Wildberg,ZH,False,False,1000
Winkel,ZH,False,False,4540
Winterthur,ZH,True,True,110912
Zell (ZH),ZH,False,False,5939
Zollikon,ZH,False,False,12983
Zumikon,ZH,False,False,5142
Zürich,ZH,True,True,409241
Aedermannsdorf,SO,False,False,572
Aeschi (SO),SO,False,False,1221
Balm bei Günsberg,SO,True,True,204
Balsthal,SO,False,False,6094
Bärschwil,SO,True,True,816
Bättwil,SO,True,True,1172
Beinwil (SO),SO,False,False,277
Bellach,SO,False,False,5272
Bettlach,SO,False,False,4940
Biberist,SO,False,False,8455
Biezwil,SO,True,True,323
Bolken,SO,False,False,595
Boningen,SO,False,False,755
Breitenbach,SO,False,False,3848
Buchegg,SO,True,False,2545
Büren (SO),SO,True,True,1042
Büsserach,SO,False,False,2292
Däniken,SO,False,False,2784
Deitingen,SO,False,False,2237
Derendingen,SO,False,False,6430
Dornach,SO,False,False,6686
Drei Höfe,SO,True,True,734
Dulliken,SO,False,False,4964
Egerkingen,SO,False,False,3520
Eppenberg-Wöschnau,SO,True,True,330
Erlinsbach (SO),SO,False,False,3524
Erschwil,SO,True,True,920
Etziken,SO,True,True,869
Fehren,SO,False,False,589
Feldbrunnen-St. Niklaus,SO,True,False,975
Flumenthal,SO,True,True,947
Fulenbach,SO,False,False,1776
Gänsbrunnen,SO,True,True,89
Gempen,SO,False,False,880
Gerlafingen,SO,False,False,5118
Grenchen,SO,False,False,17140
Gretzenbach,SO,False,False,2733
Grindel,SO,True,True,505
Günsberg,SO,False,False,1166
Gunzgen,SO,False,False,1651
Hägendorf,SO,False,False,5044
Halten,SO,False,False,871
Härkingen,SO,False,False,1611
Hauenstein-Ifenthal,SO,True,False,308
Herbetswil,SO,True,False,541
Himmelried,SO,True,False,925
Hochwald,SO,False,False,1306
Hofstetten-Flüh,SO,False,False,3108
Holderbank (SO),SO,True,True,693
Horriwil,SO,False,False,870
Hubersdorf,SO,False,False,742
Hüniken,SO,False,False,126
Kammersrohr,SO,True,True,29
Kappel (SO),SO,False,False,3189
Kestenholz,SO,True,True,1798
Kienberg,SO,False,False,514
Kleinlützel,SO,False,False,1244
Kriegstetten,SO,True,True,1315
Langendorf,SO,False,False,3772
Laupersdorf,SO,False,False,1748
Lohn-Ammannsegg,SO,False,False,2805
Lommiswil,SO,False,False,1528
Lostorf,SO,False,False,3959
Lüsslingen-Nennigkofen,SO,False,False,1057
Luterbach,SO,False,False,3485
Lüterkofen-Ichertswil,SO,False,False,786
Lüterswil-Gächliwil,SO,False,False,328
Matzendorf,SO,False,False,1317
Meltingen,SO,True,False,645
Messen,SO,False,False,1493
Metzerlen-Mariastein,SO,False,False,932
Mümliswil-Ramiswil,SO,False,False,2441
Neuendorf,SO,False,False,2157
Niederbuchsiten,SO,False,False,1169
Niedergösgen,SO,False,False,3861
Nuglar-St. Pantaleon,SO,False,False,1486
Nunningen,SO,False,False,1893
Oberbuchsiten,SO,False,False,2238
Oberdorf (SO),SO,False,False,1703
Obergerlafingen,SO,True,False,1163
Obergösgen,SO,False,False,2232
Oekingen,SO,True,True,835
Oensingen,SO,False,False,6299
Olten,SO,False,False,18389
Recherswil,SO,False,False,1968
Rickenbach (SO),SO,True,False,964
Riedholz,SO,True,False,2322
Rodersdorf,SO,False,False,1317
Rohr (SO),SO,True,True,96
Rüttenen,SO,False,False,1495
Schnottwil,SO,True,False,1123
Schönenwerd,SO,False,False,4902
Seewen,SO,False,False,1014
Selzach,SO,False,False,3453
Solothurn,SO,False,False,16703
Starrkirch-Wil,SO,False,False,1692
Stüsslingen,SO,True,True,1065
Subingen,SO,True,True,3177
Trimbach,SO,False,False,6591
Unterramsern,SO,False,False,211
Walterswil (SO),SO,True,True,701
Wangen bei Olten,SO,True,True,5096
Welschenrohr,SO,True,True,1089
Winznau,SO,False,False,1857
Wisen (SO),SO,False,False,403
Witterswil,SO,True,True,1497
Wolfwil,SO,False,False,2200
Zuchwil,SO,True,False,8875
Zullwil,SO,False,False,676
Aesch (BL),BL,False,False,10237
Allschwil,BL,True,False,20913
Anwil,BL,True,True,569
Arboldswil,BL,True,True,562
Arisdorf,BL,True,True,1633
Arlesheim,BL,False,False,9202
Augst,BL,True,True,1011
Bennwil,BL,True,True,665
Biel-Benken,BL,True,True,3427
Binningen,BL,True,True,15580
Birsfelden,BL,False,False,10410
Blauen,BL,False,False,691
Böckten,BL,False,False,804
Bottmingen,BL,False,False,6593
Bretzwil,BL,True,False,780
Brislach,BL,False,False,1643
Bubendorf,BL,True,True,4339
Buckten,BL,True,True,694
Burg im Leimental,BL,False,False,262
Buus,BL,True,True,1035
Diegten,BL,True,True,1656
Diepflingen,BL,True,True,738
Dittingen,BL,False,False,730
Duggingen,BL,False,False,1568
Eptingen,BL,True,False,530
Ettingen,BL,True,True,5156
Frenkendorf,BL,False,False,6471
Füllinsdorf,BL,True,True,4472
Gelterkinden,BL,True,False,6095
Giebenach,BL,True,True,1031
Grellingen,BL,False,False,1833
Häfelfingen,BL,False,False,271
Hemmiken,BL,True,True,251
Hersberg,BL,True,True,309
Hölstein,BL,True,True,2499
Itingen,BL,False,False,2085
Känerkinden,BL,True,True,530
Kilchberg (BL),BL,True,True,161
Lampenberg,BL,True,True,503
Langenbruck,BL,True,True,957
Läufelfingen,BL,False,False,1321
Laufen,BL,True,True,5556
Lausen,BL,True,True,5148
Lauwil,BL,False,False,316
Liedertswil,BL,False,False,169
Liesberg,BL,False,False,1148
Liestal,BL,True,True,14269
Lupsingen,BL,True,True,1422
Maisprach,BL,True,True,939
Münchenstein,BL,False,False,12203
Muttenz,BL,False,False,17805
Nenzlingen,BL,True,True,432
Niederdorf,BL,True,True,1807
Nusshof,BL,True,True,255
Oberdorf (BL),BL,True,True,2409
Oberwil (BL),BL,False,False,11221
Oltingen,BL,True,True,470
Ormalingen,BL,False,False,2201
Pfeffingen,BL,False,False,2358
Pratteln,BL,False,False,16388
Ramlinsburg,BL,True,True,746
Reigoldswil,BL,False,False,1613
Reinach (BL),BL,False,False,19144
Rickenbach (BL),BL,True,True,594
Roggenburg,BL,False,False,268
Röschenz,BL,False,False,1880
Rothenfluh,BL,True,True,780
Rümlingen,BL,True,False,390
Rünenberg,BL,True,True,777
Schönenbuch,BL,False,False,1385
Seltisberg,BL,False,False,1311
Sissach,BL,False,False,6666
Tecknau,BL,False,False,858
Tenniken,BL,True,True,916
Therwil,BL,False,False,9947
Thürnen,BL,True,True,1403
Titterten,BL,False,False,414
Wahlen,BL,False,False,1417
Waldenburg,BL,True,True,1125
Wenslingen,BL,False,False,717
Wintersingen,BL,True,True,606
Wittinsburg,BL,True,True,434
Zeglingen,BL,True,True,489
Ziefen,BL,True,True,1569
Zunzgen,BL,False,False,2502
Zwingen,BL,False,False,2339
Agarn,VS,False,False,763
Albinen,VS,True,True,243
Anniviers,VS,False,False,2721
Arbaz,VS,True,True,1259
Ardon,VS,True,True,3137
Ausserberg,VS,False,False,623
Ayent,VS,True,True,3975
Bagnes,VS,False,False,8100
Baltschieder,VS,False,False,1324
Bellwald,VS,True,True,389
Bettmeralp,VS,True,True,449
Binn,VS,False,False,140
Bister,VS,True,True,32
Bitsch,VS,True,True,976
Blatten,VS,True,True,294
Bourg-Saint-Pierre,VS,True,True,181
Bovernier,VS,True,True,911
Brig-Glis,VS,True,True,13109
Bürchen,VS,False,False,715
Chalais,VS,True,True,3528
Chamoson,VS,False,False,3787
Champéry,VS,False,False,1342
Charrat,VS,False,False,1799
Chippis,VS,True,False,1580
Collombey-Muraz,VS,False,False,9018
Collonges,VS,True,True,780
Conthey,VS,True,True,8691
Crans-Montana,VS,False,False,10565
Dorénaz,VS,False,False,930
Eggerberg,VS,True,False,340
Eischoll,VS,True,False,438
Eisten,VS,True,True,197
Embd,VS,True,True,301
Ergisch,VS,True,True,188
Ernen,VS,False,False,501
Evionnaz,VS,True,True,1260
Evolène,VS,True,True,1701
Ferden,VS,True,True,251
Fiesch,VS,False,False,918
Fieschertal,VS,True,True,334
Finhaut,VS,True,False,387
Fully,VS,False,False,8737
Gampel-Bratsch,VS,False,False,1964
Goms,VS,True,True,1203
Grächen,VS,True,True,1293
Grengiols,VS,True,False,432
Grimisuat,VS,False,False,3330
Grône,VS,True,True,2411
Guttet-Feschel,VS,False,False,418
Hérémence,VS,True,True,1391
Icogne,VS,True,True,565
Inden,VS,True,True,107
Isérables,VS,False,False,827
Kippel,VS,True,True,331
Lalden,VS,True,True,669
Lax,VS,False,False,308
Lens,VS,False,False,4162
Leuk,VS,False,False,3926
Leukerbad,VS,False,False,1413
Leytron,VS,True,True,3173
Liddes,VS,True,True,767
Martigny,VS,True,True,18174
Martigny-Combe,VS,False,False,2297
Massongex,VS,True,False,1802
Miège,VS,False,False,1348
Monthey,VS,True,True,17563
Mont-Noble,VS,False,False,1068
Mörel-Filet,VS,True,True,678
Naters,VS,True,True,9983
Nendaz,VS,True,True,6595
Niedergesteln,VS,False,False,703
Oberems,VS,True,True,124
Obergoms,VS,True,True,662
Orsières,VS,False,False,3190
Port-Valais,VS,True,True,3995
Randa,VS,True,True,444
Raron,VS,True,True,1930
Riddes,VS,True,True,3079
Ried-Brig,VS,False,False,2092
Riederalp,VS,True,True,481
Saas-Almagell,VS,False,False,377
Saas-Balen,VS,True,True,349
Saas-Fee,VS,True,True,1597
Saas-Grund,VS,False,False,1027
Saillon,VS,True,True,2574
Saint-Gingolph,VS,False,False,963
Saint-Léonard,VS,False,False,2316
Saint-Martin (VS),VS,False,False,829
Saint-Maurice,VS,False,False,4595
Salgesch,VS,True,True,1511
Salvan,VS,False,False,1374
Savièse,VS,True,True,7594
Saxon,VS,True,True,5774
Sembrancher,VS,True,False,1034
Sierre,VS,True,True,16860
Simplon,VS,False,False,304
Sion,VS,False,False,34599
St. Niklaus,VS,True,True,2227
Stalden (VS),VS,True,True,1101
Staldenried,VS,False,False,543
Steg-Hohtenn,VS,False,False,1569
Täsch,VS,True,True,1295
Termen,VS,True,True,913
Törbel,VS,True,True,470
Trient,VS,True,True,183
Troistorrents,VS,False,False,4602
Turtmann-Unterems,VS,True,True,1106
Unterbäch,VS,False,False,421
Val-d&#39;Illiez,VS,True,True,1888
Varen,VS,False,False,625
Venthône,VS,True,True,1264
Vernayaz,VS,False,False,1886
Vérossaz,VS,False,False,748
Vétroz,VS,False,False,6268
Vex,VS,False,False,1820
Veyras,VS,True,True,1832
Veysonnaz,VS,False,False,613
Vionnaz,VS,True,True,2646
Visp,VS,True,True,7891
Visperterminen,VS,True,True,1351
Vollèges,VS,False,False,2001
Vouvry,VS,False,False,4138
Wiler (Lötschen),VS,True,True,571
Zeneggen,VS,False,False,282
Zermatt,VS,False,False,5643
Zwischbergen,VS,True,True,77
Aire-la-Ville,GE,False,False,1169
Anières,GE,True,True,2456
Avully,GE,False,False,1763
Avusy,GE,True,True,1434
Bardonnex,GE,False,False,2215
Bellevue,GE,False,False,3322
Bernex,GE,False,False,10007
Carouge (GE),GE,True,False,22336
Cartigny,GE,True,True,956
Céligny,GE,False,False,787
Chancy,GE,False,False,1691
Chêne-Bougeries,GE,True,False,11862
Chêne-Bourg,GE,True,True,8708
Choulex,GE,False,False,1149
Collex-Bossy,GE,False,False,1687
Collonge-Bellerive,GE,False,False,8126
Cologny,GE,False,False,5531
Confignon,GE,False,False,4618
Corsier (GE),GE,False,False,2071
Dardagny,GE,False,False,1861
Genève,GE,True,False,200548
Genthod,GE,False,False,2779
Gy,GE,True,False,481
Hermance,GE,False,False,1036
Jussy,GE,False,False,1294
Laconnex,GE,False,False,682
Lancy,GE,True,True,31942
Le Grand-Saconnex,GE,True,True,12131
Meinier,GE,True,False,2141
Meyrin,GE,True,False,24144
Onex,GE,True,True,18977
Perly-Certoux,GE,False,False,3074
Plan-les-Ouates,GE,True,True,10697
Pregny-Chambésy,GE,False,False,3970
Presinge,GE,True,True,687
Puplinge,GE,False,False,2430
Russin,GE,False,False,548
Satigny,GE,False,False,4109
Soral,GE,True,False,822
Thônex,GE,True,True,14091
Troinex,GE,True,True,2412
Vandoeuvres,GE,True,True,2504
Vernier,GE,False,False,35132
Versoix,GE,True,True,13329
Veyrier,GE,False,False,11540
Albula/Alvra,GR,False,False,1324
Andeer,GR,False,False,944
Arosa,GR,False,False,3185
Avers,GR,True,False,169
Bergün Filisur,GR,True,True,961
Bever,GR,True,True,598
Bonaduz,GR,True,True,3294
Bregaglia,GR,True,True,1531
Breil/Brigels,GR,False,False,1784
Brusio,GR,True,True,1135
Buseno,GR,False,False,83
Calanca,GR,False,False,195
Cama,GR,False,False,564
Castaneda,GR,False,False,277
Casti-Wergenstein,GR,True,True,55
Cazis,GR,True,True,2174
Celerina/Schlarigna,GR,True,True,1506
Chur,GR,True,True,35038
Churwalden,GR,True,True,2012
Conters im Prättigau,GR,False,False,225
Davos,GR,False,False,10937
Disentis/Mustér,GR,True,False,2092
Domat/Ems,GR,True,True,8070
Domleschg,GR,False,False,1991
Donat,GR,False,False,211
Falera,GR,True,True,623
Felsberg,GR,False,False,2569
Ferrera,GR,True,False,76
Fideris,GR,False,False,598
Fläsch,GR,True,True,774
Flerden,GR,True,True,254
Flims,GR,False,False,2825
Furna,GR,True,True,213
Fürstenau,GR,True,True,349
Grono,GR,False,False,1373
Grüsch,GR,False,False,2074
Haldenstein,GR,False,False,1025
Hinterrhein,GR,True,True,63
Ilanz/Glion,GR,True,True,4704
Jenaz,GR,True,True,1161
Jenins,GR,True,False,896
Klosters-Serneus,GR,False,False,4437
Küblis,GR,False,False,853
La Punt-Chamues-ch,GR,False,False,712
Laax,GR,True,True,1755
Landquart,GR,True,True,8849
Lantsch/Lenz,GR,True,True,554
Lohn (GR),GR,False,False,42
Lostallo,GR,False,False,760
Lumnezia,GR,False,False,2047
Luzein,GR,False,False,1573
Madulain,GR,False,False,209
Maienfeld,GR,False,False,2860
Maladers,GR,True,True,505
Malans,GR,False,False,2341
Masein,GR,True,True,481
Mathon,GR,False,False,53
Medel (Lucmagn),GR,True,True,384
Mesocco,GR,False,False,1374
Nufenen,GR,True,True,140
Obersaxen Mundaun,GR,True,True,1160
Pontresina,GR,True,True,2195
Poschiavo,GR,False,False,3516
Rhäzüns,GR,True,True,1494
Rongellen,GR,True,True,53
Rossa,GR,False,False,152
Rothenbrunnen,GR,False,False,311
Roveredo (GR),GR,False,False,2483
Safiental,GR,False,False,905
Sagogn,GR,True,True,686
Samedan,GR,True,True,2956
Samnaun,GR,True,True,762
San Vittore,GR,False,False,825
Santa Maria in Calanca,GR,False,False,112
S-chanf,GR,False,False,685
Scharans,GR,True,False,807
Schiers,GR,False,False,2613
Schluein,GR,True,True,623
Schmitten (GR),GR,False,False,246
Scuol,GR,False,False,4598
Seewis im Prättigau,GR,False,False,1381
Sils im Domleschg,GR,False,False,930
Sils im Engadin/Segl,GR,True,True,691
Silvaplana,GR,True,True,1117
Soazza,GR,False,False,337
Splügen,GR,False,False,432
St. Moritz,GR,True,True,4994
Sufers,GR,False,False,141
Sumvitg,GR,False,False,1179
Surses,GR,True,True,2343
Tamins,GR,False,False,1213
Thusis,GR,True,True,3199
Trimmis,GR,False,False,3283
Trin,GR,False,False,1408
Trun,GR,False,False,1172
Tschappina,GR,True,True,129
Tschiertschen-Praden,GR,False,False,318
Tujetsch,GR,True,True,1256
Untervaz,GR,False,False,2512
Urmein,GR,True,True,146
Val Müstair,GR,True,True,1511
Vals,GR,True,True,1050
Valsot,GR,False,False,859
Vaz/Obervaz,GR,True,True,2721
Zernez,GR,True,True,1532
Zillis-Reischen,GR,False,False,388
Zizers,GR,True,True,3443
Zuoz,GR,True,True,1207
Alle,JU,True,True,1832
Basse-Allaine,JU,False,False,1212
Beurnevésin,JU,True,True,119
Boécourt,JU,False,False,915
Boncourt,JU,True,True,1211
Bonfol,JU,False,False,662
Bourrignon,JU,False,False,261
Bure,JU,False,False,659
Châtillon (JU),JU,False,False,481
Clos du Doubs,JU,False,False,1303
Coeuve,JU,False,False,733
Cornol,JU,False,False,1018
Courchapoix,JU,True,False,430
Courchavon,JU,True,True,293
Courgenay,JU,False,False,2302
Courrendlin,JU,False,False,2995
Courroux,JU,True,True,3265
Courtedoux,JU,False,False,782
Courtételle,JU,True,True,2582
Damphreux,JU,False,False,184
Delémont,JU,False,False,12625
Develier,JU,False,False,1385
Ederswiler,JU,True,True,120
Fahy,JU,False,False,361
Fontenais,JU,True,True,1678
Grandfontaine,JU,False,False,388
Haute-Ajoie,JU,True,True,1104
Haute-Sorne,JU,False,False,6928
La Baroche,JU,True,True,1176
La Chaux-des-Breuleux,JU,True,True,89
Lajoux (JU),JU,True,True,664
Le Bémont (JU),JU,True,True,314
Le Noirmont,JU,True,True,1856
Les Bois,JU,False,False,1248
Les Breuleux,JU,True,True,1536
Les Enfers,JU,True,False,138
Les Genevez (JU),JU,True,True,499
Lugnez,JU,True,True,190
Mervelier,JU,True,False,490
Mettembert,JU,True,True,105
Montfaucon,JU,False,False,623
Movelier,JU,False,False,420
Muriaux,JU,False,False,493
Pleigne,JU,False,False,353
Porrentruy,JU,True,False,6809
Rebeuvelier,JU,True,True,386
Rossemaison,JU,False,False,641
Saignelégier,JU,True,True,2558
Saint-Brais,JU,True,True,226
Saulcy,JU,False,False,265
Soubey,JU,False,False,132
Soyhières,JU,False,False,448
Val Terbi,JU,False,False,3179
Vellerat,JU,False,False,67
Vendlincourt,JU,False,False,557
Alpnach,OW,False,False,6024
Engelberg,OW,False,False,4155
Giswil,OW,False,False,3651
Kerns,OW,False,False,6295
Lungern,OW,False,False,2122
Sachseln,OW,False,False,5092
Sarnen,OW,False,False,10236
Alpthal,SZ,False,False,613
Altendorf,SZ,True,True,6926
Arth,SZ,False,False,11877
Einsiedeln,SZ,True,False,15550
Feusisberg,SZ,True,True,5272
Freienbach,SZ,True,True,16269
Galgenen,SZ,False,False,5231
Gersau,SZ,False,False,2279
Illgau,SZ,False,False,797
Ingenbohl,SZ,True,True,8856
Innerthal,SZ,True,True,177
Küssnacht (SZ),SZ,False,False,12845
Lachen,SZ,False,False,8617
Lauerz,SZ,False,False,1081
Morschach,SZ,False,False,1103
Muotathal,SZ,True,False,3515
Oberiberg,SZ,False,False,888
Reichenburg,SZ,False,False,3633
Riemenstalden,SZ,False,False,88
Rothenthurm,SZ,True,True,2395
Sattel,SZ,False,False,1946
Schübelbach,SZ,False,False,9167
Schwyz,SZ,True,True,15000
Steinen,SZ,True,True,3355
Steinerberg,SZ,False,False,954
Tuggen,SZ,False,False,3317
Unteriberg,SZ,True,True,2413
Vorderthal,SZ,True,True,1025
Wangen (SZ),SZ,True,True,5011
Wollerau,SZ,True,True,7101
Altdorf (UR),UR,True,True,9273
Andermatt,UR,True,True,1354
Attinghausen,UR,True,True,1711
Bauen,UR,True,False,168
Bürglen (UR),UR,False,False,3982
Erstfeld,UR,True,True,3781
Flüelen,UR,False,False,1975
Göschenen,UR,True,False,462
Gurtnellen,UR,True,True,558
Hospental,UR,True,True,191
Isenthal,UR,True,True,494
Realp,UR,False,False,151
Schattdorf,UR,True,True,5382
Seedorf (UR),UR,False,False,1804
Seelisberg,UR,False,False,679
Silenen,UR,True,True,1991
Sisikon,UR,False,False,364
Spiringen,UR,False,False,843
Unterschächen,UR,False,False,714
Wassen,UR,False,False,422
Alterswil,FR,False,False,2029
Arconciel,FR,True,True,916
Attalens,FR,False,False,3427
Auboranges,FR,True,True,285
Autigny,FR,True,False,793
Avry,FR,True,True,1880
Bas-Intyamon,FR,False,False,1387
Belfaux,FR,True,True,3338
Belmont-Broye,FR,True,True,5425
Billens-Hennens,FR,False,False,757
Bösingen,FR,False,False,3430
Bossonnens,FR,False,False,1483
Botterens,FR,True,False,568
Broc,FR,False,False,2652
Brünisried,FR,False,False,658
Bulle,FR,False,False,22709
Chapelle (Glâne),FR,False,False,278
Châtel-Saint-Denis,FR,False,False,6723
Châtel-sur-Montsalvens,FR,False,False,285
Châtillon (FR),FR,True,True,462
Châtonnaye,FR,False,False,825
Cheiry,FR,False,False,412
Chénens,FR,False,False,858
Cheyres-Châbles,FR,False,False,2278
Corbières,FR,False,False,877
Corminboeuf,FR,False,False,2563
Corserey,FR,True,True,422
Cottens (FR),FR,False,False,1497
Courgevaux,FR,False,False,1424
Courtepin,FR,True,True,5416
Cressier (FR),FR,True,True,957
Crésuz,FR,True,True,342
Cugy (FR),FR,False,False,1729
Delley-Portalban,FR,True,True,1107
Düdingen,FR,False,False,7823
Echarlens,FR,False,False,804
Ecublens (FR),FR,True,True,344
Ependes (FR),FR,True,True,1111
Estavayer,FR,True,True,9494
Ferpicloz,FR,True,True,283
Fétigny,FR,True,True,1044
Fräschels,FR,True,True,467
Fribourg,FR,True,True,38521
Galmiz,FR,True,True,672
Gempenach,FR,False,False,291
Gibloux,FR,False,False,7306
Giffers,FR,False,False,1606
Givisiez,FR,True,True,3199
Gletterens,FR,True,True,1051
Grandvillard,FR,True,True,830
Granges (Veveyse),FR,False,False,867
Granges-Paccot,FR,False,False,3686
Grangettes,FR,False,False,199
Greng,FR,True,True,175
Grolley,FR,False,False,1947
Gruyères,FR,True,True,2203
Gurmels,FR,False,False,4287
Hauterive (FR),FR,True,True,2513
Hauteville,FR,False,False,652
Haut-Intyamon,FR,False,False,1542
Heitenried,FR,False,False,1366
Jaun,FR,True,False,659
Kerzers,FR,False,False,5020
Kleinbösingen,FR,False,False,654
La Brillaz,FR,True,True,2028
La Folliaz,FR,False,False,982
La Roche,FR,False,False,1707
La Sonnaz,FR,True,False,1129
La Verrerie,FR,False,False,1177
Le Châtelard,FR,False,False,378
Le Flon,FR,False,False,1211
Le Mouret,FR,True,True,3134
Le Pâquier (FR),FR,False,False,1309
Les Montets,FR,True,True,1439
Lully (FR),FR,True,True,1161
Marly,FR,True,True,8201
Marsens,FR,True,True,1913
Massonnens,FR,False,False,527
Matran,FR,False,False,1523
Ménières,FR,False,False,415
Meyriez,FR,True,True,575
Mézières (FR),FR,False,False,1076
Misery-Courtion,FR,True,True,1958
Montagny (FR),FR,False,False,2536
Montet (Glâne),FR,True,True,391
Mont-Vully,FR,True,True,3601
Morlon,FR,True,True,595
Muntelier,FR,False,False,972
Murten,FR,False,False,8222
Neyruz (FR),FR,False,False,2593
Noréaz,FR,False,False,695
Nuvilly,FR,False,False,424
Pierrafortscha,FR,False,False,154
Plaffeien,FR,False,False,3601
Plasselb,FR,False,False,1048
Pont-en-Ogoz,FR,True,True,1807
Ponthaux,FR,False,False,727
Pont-la-Ville,FR,True,False,599
Prévondavaux,FR,False,False,70
Prez-vers-Noréaz,FR,True,True,1109
Rechthalten,FR,False,False,1083
Remaufens,FR,True,False,1072
Riaz,FR,True,True,2627
Ried bei Kerzers,FR,False,False,1185
Romont (FR),FR,False,False,5304
Rue,FR,True,True,1505
Saint-Aubin (FR),FR,True,True,1755
Saint-Martin (FR),FR,False,False,1007
Sâles,FR,False,False,1423
Schmitten (FR),FR,False,False,4078
Semsales,FR,False,False,1431
Senèdes,FR,True,True,158
Sévaz,FR,True,True,293
Siviriez,FR,False,False,2199
Sorens,FR,True,True,1087
St. Antoni,FR,False,False,2039
St. Silvester,FR,False,False,973
St. Ursen,FR,False,False,1332
Surpierre,FR,False,False,715
Tafers,FR,False,False,3354
Tentlingen,FR,False,False,1342
Torny,FR,False,False,933
Treyvaux,FR,True,True,1448
Ueberstorf,FR,False,False,2371
Ulmiz,FR,False,False,438
Ursy,FR,True,True,3079
Val-de-Charmey,FR,False,False,2477
Vallon,FR,False,False,436
Vaulruz,FR,True,True,1060
Villarsel-sur-Marly,FR,True,False,85
Villars-sur-Glâne,FR,True,True,12114
Villaz-Saint-Pierre,FR,False,False,1330
Villorsonnens,FR,False,False,1384
Vuadens,FR,False,False,2317
Vuisternens-devant-Romont,FR,False,False,2287
Wünnewil-Flamatt,FR,False,False,5558
Altstätten,SG,False,False,11549
Amden,SG,False,False,1784
Andwil (SG),SG,False,False,1951
Au (SG),SG,False,False,7622
Bad Ragaz,SG,False,False,5923
Balgach,SG,False,False,4650
Benken (SG),SG,False,False,3015
Berg (SG),SG,True,True,823
Berneck,SG,False,False,3956
Buchs (SG),SG,False,False,12612
Bütschwil-Ganterschwil,SG,True,True,4729
Degersheim,SG,True,True,4038
Diepoldsau,SG,False,False,6502
Ebnat-Kappel,SG,False,False,5012
Eggersriet,SG,False,False,2275
Eichberg,SG,False,False,1521
Eschenbach (SG),SG,False,False,9477
Flawil,SG,True,True,10551
Flums,SG,False,False,4941
Gaiserwald,SG,False,False,8368
Gams,SG,False,False,3404
Goldach,SG,False,False,9048
Gommiswald,SG,False,False,5071
Gossau (SG),SG,False,False,18171
Grabs,SG,False,False,6951
Häggenschwil,SG,True,True,1332
Hemberg,SG,False,False,920
Jonschwil,SG,False,False,3801
Kaltbrunn,SG,False,False,4798
Kirchberg (SG),SG,True,True,9016
Lichtensteig,SG,False,False,1871
Lütisburg,SG,False,False,1565
Marbach (SG),SG,False,False,2055
Mels,SG,False,False,8610
Mörschwil,SG,False,False,3583
Mosnang,SG,False,False,2884
Muolen,SG,False,False,1200
Neckertal,SG,False,False,4043
Nesslau,SG,False,False,3599
Niederbüren,SG,False,False,1524
Niederhelfenschwil,SG,False,False,3117
Oberbüren,SG,True,True,4321
Oberhelfenschwil,SG,False,False,1267
Oberriet (SG),SG,False,False,8839
Oberuzwil,SG,True,True,6450
Pfäfers,SG,False,False,1574
Quarten,SG,False,False,2877
Rapperswil-Jona,SG,False,False,26989
Rebstein,SG,False,False,4501
Rheineck,SG,False,False,3485
Rorschach,SG,True,True,9418
Rorschacherberg,SG,False,False,7177
Rüthi (SG),SG,False,False,2357
Sargans,SG,False,False,6118
Schänis,SG,False,False,3812
Schmerikon,SG,False,False,3724
Sennwald,SG,False,False,5564
Sevelen,SG,True,True,5049
St. Gallen,SG,True,True,75522
St. Margrethen,SG,False,False,5889
Steinach,SG,False,False,3591
Thal,SG,False,False,6480
Tübach,SG,False,False,1429
Untereggen,SG,False,False,1055
Uznach,SG,False,False,6336
Uzwil,SG,False,False,12849
Vilters-Wangs,SG,False,False,4820
Waldkirch,SG,True,True,3498
Walenstadt,SG,False,False,5598
Wartau,SG,False,False,5296
Wattwil,SG,False,False,8713
Weesen,SG,False,False,1646
Widnau,SG,False,False,9576
Wil (SG),SG,False,False,23768
Wildhaus-Alt St. Johann,SG,False,False,2662
Wittenbach,SG,False,False,9784
Zuzwil (SG),SG,False,False,4790
Appenzell,AI,False,False,5809
Gonten,AI,False,False,1455
Oberegg,AI,False,False,1907
Rüte,AI,False,False,3606
Schlatt-Haslen,AI,False,False,1126
Schwende,AI,False,False,2202
Baar,ZG,False,False,24322
Cham,ZG,False,False,16571
Hünenberg,ZG,True,True,8824
Menzingen,ZG,True,True,4499
Neuheim,ZG,False,False,2245
Oberägeri,ZG,False,False,6059
Risch,ZG,True,True,10515
Steinhausen,ZG,True,True,9875
Unterägeri,ZG,False,False,8689
Walchwil,ZG,False,False,3617
Zug,ZG,False,False,30205
Bargen (SH),SH,False,False,306
Beggingen,SH,True,False,486
Beringen,SH,True,True,4643
Buch (SH),SH,True,False,318
Buchberg,SH,True,False,867
Büttenhardt,SH,False,False,389
Dörflingen,SH,False,False,1027
Gächlingen,SH,False,False,864
Hallau,SH,False,False,2179
Hemishofen,SH,False,False,468
Lohn (SH),SH,True,False,771
Löhningen,SH,True,True,1456
Merishausen,SH,False,False,849
Neuhausen am Rheinfall,SH,True,True,10454
Neunkirch,SH,False,False,2201
Oberhallau,SH,False,False,434
Ramsen,SH,False,False,1478
Rüdlingen,SH,False,False,753
Schaffhausen,SH,True,False,36332
Schleitheim,SH,False,False,1688
Siblingen,SH,False,False,863
Stein am Rhein,SH,False,False,3376
Stetten (SH),SH,False,False,1376
Thayngen,SH,False,False,5445
Trasadingen,SH,False,False,591
Wilchingen,SH,False,False,1737
Basel,BS,False,False,171513
Bettingen,BS,False,False,1151
Riehen,BS,True,True,21244
Beckenried,NW,False,False,3654
Buochs,NW,False,False,5409
Dallenwil,NW,False,False,1814
Emmetten,NW,False,False,1401
Ennetbürgen,NW,False,False,4698
Ennetmoos,NW,False,False,2147
Hergiswil (NW),NW,False,False,5715
Oberdorf (NW),NW,False,False,3133
Stans,NW,False,False,8411
Stansstad,NW,False,False,4494
Wolfenschiessen,NW,False,False,2093
Boudry,NE,True,True,6124
Brot-Plamboz,NE,True,True,263
Corcelles-Cormondrèche,NE,True,True,4740
Cornaux,NE,True,True,1586
Cortaillod,NE,True,True,4774
Cressier (NE),NE,True,True,1873
Enges,NE,True,True,274
Hauterive (NE),NE,True,True,2650
La Brévine,NE,True,True,627
La Chaux-de-Fonds,NE,False,False,38625
La Chaux-du-Milieu,NE,True,False,495
La Côte-aux-Fées,NE,True,True,435
La Grande-Béroche,NE,True,True,8964
La Sagne,NE,True,True,966
La Tène,NE,True,True,4954
Le Cerneux-Péquignot,NE,True,True,317
Le Landeron,NE,True,True,4647
Le Locle,NE,False,False,10389
Les Brenets,NE,True,True,1048
Les Planchettes,NE,True,True,205
Les Ponts-de-Martel,NE,True,True,1275
Les Verrières,NE,True,False,718
Lignières,NE,True,True,952
Milvignes,NE,True,True,9008
Neuchâtel,NE,True,True,33578
Peseux,NE,True,True,5825
Rochefort,NE,True,True,1266
Saint-Blaise,NE,True,True,3230
Valangin,NE,True,True,504
Val-de-Ruz,NE,True,True,16907
Val-de-Travers,NE,True,True,10745
Bühler,AR,True,True,1766
Gais,AR,True,True,3096
Grub (AR),AR,True,True,1045
Heiden,AR,False,False,4192
Herisau,AR,False,False,15780
Hundwil,AR,False,False,957
Lutzenberg,AR,False,False,1253
Rehetobel,AR,False,False,1750
Reute (AR),AR,False,False,690
Schönengrund,AR,False,False,518
Schwellbrunn,AR,True,False,1579
Speicher,AR,False,False,4293
Stein (AR),AR,False,False,1423
Teufen (AR),AR,True,False,6267
Trogen,AR,True,True,1721
Urnäsch,AR,False,False,2315
Wald (AR),AR,True,False,857
Waldstatt,AR,True,True,1846
Walzenhausen,AR,False,False,1994
Wolfhalden,AR,False,False,1836
Glarus,GL,True,True,12521
Glarus Nord,GL,True,True,18247
Glarus Süd,GL,True,False,9581
